URL,Page Title
https://shm.studio/,SHM Studio | Il tuo partner digitale
https://shm.studio/contatti/,Contatti | SHM Studio
https://shm.studio/solarelit/,Solarelit: comunicazione visiva per leader dell'energia rinnovabile ...
https://shm.studio/maspero/,"Maspero, un sito portato in prima posizione | SHM Studio"
https://shm.studio/social/,Servizi social per la promozione online | SHM Studio
https://shm.studio/seo/,Servizi SEO personalizzati per ogni settore | SHM Studio
https://shm.studio/miba/,MIBA: conquistare i mercati esteri con la SEO Internazionale | SHM ...
https://shm.studio/portfolio/,Portfolio | SHM Studio
https://shm.studio/faq/,FAQ | SHM Studio
https://shm.studio/blog/,blog | SHM Studio
https://shm.studio/acquamarina/,Acquamarina: concept esclusivo per residenze di lusso | SHM Studio
https://shm.studio/shopify/,Shopify | SHM Studio
https://shm.studio/bonfiglioli/,Bonfiglioli Consulting: semplificare la complessità | SHM Studio
https://shm.studio/web/,Consulenza e servizi web personalizzati | SHM Studio
https://shm.studio/en/,Your Digital Partner - SHM Studio
https://shm.studio/octagona/,Octagona: comunicare l'expertise nell'internazionalizzazione con ...
https://shm.studio/branding/,Servizi per il potenziamento del branding | SHM Studio
https://shm.studio/about/,L'alternativa alle tradizionali agenzie di marketing digitale
https://productadvisor.shm.studio/,Product Advisor
https://shm.studio/en/blog/,Our blog | SHM Studio
https://shm.studio/cdr-pompe/,CDR Pompe: SEO tecnica per visibilità locale ed estera | SHM Studio
https://shm.studio/intelligenza-artificiale/,Intelligenza Artificiale | SHM Studio
https://shm.studio/en/seo/,Customized SEO services for each industry | SHM Studio
https://shm.studio/en/octagona/,Octagona: Creative Digital Services
https://shm.studio/en/about/,About Us | SHM Studio
https://shm.studio/en/contacts/,Contacts | SHM Studio
https://shm.studio/en/faq/,FAQs | SHM Studio
https://shm.studio/strategia-seo/,"Strategia SEO: l'importanza di media, video e immagini | SHM Studio"
https://shm.studio/product-advisor/,Product Advisor: garanzia per un migliore acquisto | SHM Studio
https://shm.studio/en/bonfiglioli/,Bonfiglioli Consulting: simplifying complexity | SHM Studio
https://shm.studio/en/solarelit/,Solarelit: Energy Solutions & Innovation
https://shm.studio/en/shopify/,Shopify creation | SHM Studio
https://shm.studio/e-commerce/,E-commerce | SHM Studio
https://shm.studio/en/portfolio/,Our Portfolio | SHM Studio
https://shm.studio/seo/backlink/,​​Ottenimento di backlink autorevoli per il sito | SHM Studio
https://shm.studio/en/ai/,Blog Artificial Intelligence | SHM Studio
https://shm.studio/en/aquamarine/,Aquamarine: exclusive concept for luxury residences | SHM Studio
https://shm.studio/intea-engeneering/,Intea Engineering: un nuovo volto per l'innovazione elettronica ...
https://shm.studio/per-agenzie/,Collaborazioni agenzie web e marketing digitale | SHM Studio
https://shm.studio/en/web/,Consulting and custom web services | SHM Studio
https://shm.studio/en/branding/,Branding Enhancement Services | SHM Studio
https://shm.studio/en/maspero/,"Maspero, a site brought to first position | SHM Studio"
https://shm.studio/en/social/,Social services for online promotion | SHM Studio
https://shm.studio/web/grafica-web/,CREAZIONE DI GRAFICA WEB | SHM Studio
https://shm.studio/agenzia-marketing-milano/,Agenzia marketing a Milano: guida per scegliere la più adatta | SHM ...
https://shm.studio/web-agency-firenze/,Web Agency Firenze | SHM Studio
https://shm.studio/web/creazione-ecommerce/,CREAZIONE E-COMMERCE | SHM Studio
https://shm.studio/intelligenza-artificiale-aziende/,L'intelligenza artificiale nelle aziende tra customer experience e ...
https://shm.studio/ottimizzare-sito-web/,Ottimizzare il tuo sito web: i migliori tools per il 2025 | SHM Studio
https://shm.studio/local-seo-2025/,Le 13 tecniche vincenti per la Local SEO nel 2025 | SHM Studio
https://shm.studio/web/google-ads/,CAMPAGNE GOOGLE ADS | SHM Studio
https://shm.studio/lavora-con-noi/,Lavora con noi | SHM Studio
https://shm.studio/seo/strategia-seo/,Strategia SEO personalizzata e vincente | SHM Studio
https://shm.studio/en/optimize-website/,Optimize Website Performance and Ranking
https://shm.studio/seo/ottimizzazione-siti/,OTTIMIZZAZIONE SITI | SHM Studio
https://lean.shm.studio/lean-expert/,Lean Expert | Corso di Certificazione - Bonfiglioli Consulting
https://shm.studio/web/siti-responsive/,CREAZIONE SITI WEB RESPONSIVE | SHM Studio
https://shm.studio/amazon-prime-days/,Amazon Prime Days by Salvatore Aranzulla | SHM Studio
https://shm.studio/web-agency-bologna/,Web Agency Bologna | SHM Studio
https://shm.studio/servizi-web-agency/,Servizi | SHM Studio
https://shm.studio/seo/ricerca-keyword/,Ricerca keyword per aumento visibilità online | SHM Studio
https://shm.studio/en/seo/backlink/,Obtaining authoritative backlinks for the site | SHM Studio
https://shm.studio/en/e-commerce/,E-commerce category | SHM Studio
https://shm.studio/en/cdr-pumps/,CDR Pumps: technical SEO for local and foreign visibility | SHM Studio
https://shm.studio/web/privacy-gdpr/,Adeguamento Privacy & GDPR​ per siti web | SHM Studio
https://shm.studio/en/ai/chatbot/,Development of Chatbots and Virtual Assistants | SHM Studio
https://shm.studio/intelligenza-artificiale/chatbot/,Sviluppo di Chatbot e Assistenti Virtuali | SHM Studio
https://shm.studio/aziende-intelligenza-artificiale/,Aziende di intelligenza artificiale: il futuro del lavoro tra innovazione ...
https://shm.studio/web/sicurezza-web/,Servizi di sicurezza web | SHM Studio
https://shm.studio/en/for-agencies/,Web agency collaborations and digital marketing | SHM Studio
https://shm.studio/web-agency-lombardia/,Web Agency Milano | SHM Studio
https://lean.shm.studio/linnovazione-infinita/,"Il Ciclo Infinito dell'Innovazione, Il Libro"
https://shm.studio/en/intea-engineering/,Intea Engineering: Innovative Solutions
https://shm.studio/en/advertising-campaign/,Digital marketing campaigns | SHM Studio
https://shm.studio/seo/analisi-seo/,Analisi SEO orientata al risultato e su misura | SHM Studio
https://shm.studio/en/ai-sme/,AI Solutions for SMEs: Boost Your Business Now
https://shm.studio/daniela-de-marchi/,Daniela De Marchi: un e-commerce Shopify su misura | SHM Studio
https://shm.studio/web-agency-torino/,Web Agency Torino | SHM Studio
https://shm.studio/campagne-digital-marketing/,Campagne digital marketing | SHM Studio
https://shm.studio/en/seo/site-optimization/,SITE OPTIMIZATION | SHM Studio
https://shm.studio/intelligenza-artificiale/ai-seo/,SEO per AI | SHM Studio
https://shm.studio/en/seo/keyword-search/,Keyword research for increased online visibility | SHM Studio
https://shm.studio/en/web/web-security/,Web Security Services | SHM Studio
https://shm.studio/web/creazione-web-app/,CREAZIONE WEB APP | SHM Studio
https://shm.studio/en/web/web-graphics/,WEB GRAPHIC CREATION | SHM Studio
https://shm.studio/en/web-agency-services/,Services | SHM Studio
https://shm.studio/intelligenza-artificiale/integrazione-ai/,Integrazione dell'AI nei processi aziendali delle PMI | SHM Studio
https://shm.studio/en/seo/seo-analysis/,Result-oriented and tailored SEO analysis | SHM Studio
https://shm.studio/comunicazione-social-strategie-2025/,Comunicazione social: le 20 strategie perfette per il 2025 | SHM Studio
https://shm.studio/intelligenza-artificiale/business-intelligence/,Elaborazione dati e business intelligence | SHM Studio
https://shm.studio/intelligenza-artificiale-a-milano/,Le migliori startup di Intelligenza Artificiale a Milano | SHM Studio
https://shm.studio/intelligenza-artificiale/marketing-automation/,Automazione del Marketing | SHM Studio
https://shm.studio/en/seo-strategy-2/,SEO Strategy Services for Better Rankings
https://shm.studio/campagne-digital-marketing/linkedin/,Campagne pubblicitarie LinkedIn | SHM Studio
https://shm.studio/en/web/privacy-gdpr/,Privacy & GDPR Adaptation for Websites | SHM Studio
https://shm.studio/en/web/ecommerce-creation/,E-COMMERCE CREATION | SHM Studio
https://shm.studio/en/daniela-de-marchi/,Daniela De Marchi: a tailor-made Shopify e-commerce | SHM Studio
https://shm.studio/en/artificial-intelligence-businesses/,Artificial Intelligence for Business Growth
https://shm.studio/en/ai/business-intelligence/,Data processing and business intelligence | SHM Studio
https://shm.studio/intelligenza-artificiale-per-pmi/,Intelligenza artificiale per PMI: gli strumenti più utili nel 2025 | SHM ...
